Date,Name,Year,Letterboxd URI
2021-06-24,In the Absence of the Sun,2014,https://boxd.it/8qOG
2021-06-26,Short Term 12,2013,https://boxd.it/5f6s
2021-06-27,Impetigore,2019,https://boxd.it/l1fs
2021-07-06,Imperfect,2019,https://boxd.it/mApk
2021-08-07,Dear to Me,2021,https://boxd.it/utrY
2021-09-21,Shang-Chi and the Legend of the Ten Rings,2021,https://boxd.it/kLDI
2021-10-27,Spencer,2021,https://boxd.it/qPMG
2021-11-06,Yuni,2021,https://boxd.it/tXkw
2021-11-13,All Too Well: The Short Film,2021,https://boxd.it/xTmc
2021-11-13,C'mon C'mon,2021,https://boxd.it/nrI0
2021-11-21,"tick, tick... BOOM!",2021,https://boxd.it/jz2e
2021-12-01,The Boy Who Cried Werewolf,2010,https://boxd.it/J5u
2021-12-14,The Parent Trap,1998,https://boxd.it/1XJq
2022-01-12,Coraline,2009,https://boxd.it/1NhQ
2022-01-28,The Fallout,2021,https://boxd.it/tViI
2022-01-31,Harriet the Spy,1996,https://boxd.it/16ui
2022-02-03,Summerland,2020,https://boxd.it/j1S6
2022-02-11,Petite Maman,2021,https://boxd.it/s6je
2022-02-13,Help,2021,https://boxd.it/vaiU
2022-02-14,CODA,2021,https://boxd.it/tbf4
2022-02-26,Novitiate,2017,https://boxd.it/ewpa
2022-03-26,The Florida Project,2017,https://boxd.it/dMG0
2022-05-11,Disclosure,2020,https://boxd.it/oijM
2022-05-15,Everything Everywhere All at Once,2022,https://boxd.it/jUk4
2022-05-27,The Celluloid Closet,1995,https://boxd.it/1gWw
2022-06-26,Missing Home,2022,https://boxd.it/y8tW
2022-07-25,You Can Live Forever,2022,https://boxd.it/xvlk
2022-09-06,Pariah,2011,https://boxd.it/2wWk
2022-10-10,Fantastic Mr. Fox,2009,https://boxd.it/1WyQ
2022-10-22,Aftersun,2022,https://boxd.it/Arw0
2023-01-01,Paddington 2,2017,https://boxd.it/bCF8
2023-01-01,Perfect Blue,1997,https://boxd.it/1W7A
2023-01-16,The Menu,2022,https://boxd.it/lScm
2023-02-14,A Place of Rage,1991,https://boxd.it/irLo
2023-03-03,Saving Face,2004,https://boxd.it/1Fj0
2023-04-24,Pride,2014,https://boxd.it/6TwM
2023-07-05,Nimona,2023,https://boxd.it/Aiyc
2023-07-07,Black Mirror: Loch Henry,2023,https://boxd.it/H7Pg
2023-07-14,Causeway,2022,https://boxd.it/lWQq
2023-07-21,boygenius: the film,2023,https://boxd.it/FQGY
2023-07-21,Folklore: The Long Pond Studio Sessions,2020,https://boxd.it/sRk4
2023-07-23,Babylon,2022,https://boxd.it/mM02
2023-07-25,Hannah Montana: The Movie,2009,https://boxd.it/1Hx4
2023-07-29,Good Omens,2019,https://boxd.it/jUOI
2023-07-30,Big Little Lies,2017,https://boxd.it/fYde
2023-07-31,Close,2022,https://boxd.it/y4qa
2023-08-05,Marcel the Shell with Shoes On,2021,https://boxd.it/wMAk
2023-08-20,The Last Duel,2021,https://boxd.it/mQbe
2023-08-24,Tomboy,2011,https://boxd.it/49U
2023-09-06,National Theatre Live: Prima Facie,2022,https://boxd.it/Ao48
2023-09-19,Theater Camp,2023,https://boxd.it/Bfbm
2023-09-20,Moonlit Winter,2019,https://boxd.it/lfnK
2023-09-22,Spider-Man: Across the Spider-Verse,2023,https://boxd.it/kSz4
2023-09-22,The Little Mermaid,2023,https://boxd.it/fVum
2023-09-23,Memories of My Body,2018,https://boxd.it/jDJ2
2023-09-25,Grave of the Fireflies,1988,https://boxd.it/1RUM
2023-10-07,All of Us Strangers,2023,https://boxd.it/Bz3C
2023-11-01,The Fall of the House of Usher,2023,https://boxd.it/IWYg
2023-11-13,Gaza Fights for Freedom,2019,https://boxd.it/mGti
2023-12-14,Fellow Travelers,2023,https://boxd.it/Jdwe
2023-12-25,Klaus,2019,https://boxd.it/ipoi
2023-12-28,Salt Fat Acid Heat,2018,https://boxd.it/wXxw
2023-12-28,Doctor Who: Wild Blue Yonder,2023,https://boxd.it/HDIm
2023-12-29,Women Talking,2022,https://boxd.it/tdq4
2023-12-29,The Prince of Egypt,1998,https://boxd.it/1XGQ
2023-12-29,Harriet,2019,https://boxd.it/ijo2
2024-01-02,Frozen II,2019,https://boxd.it/aPvo
2024-01-13,Monster,2023,https://boxd.it/DJEM
2024-01-16,Waitress: The Musical,2023,https://boxd.it/G9sQ
2024-02-03,The Princess Diaries,2001,https://boxd.it/1XCO
2024-02-15,"Solo, Solitude",2016,https://boxd.it/enk6
2024-03-04,Drive-Away Dolls,2024,https://boxd.it/A8vi
2024-03-19,Society of the Snow,2023,https://boxd.it/y9aw
2024-03-21,The Watermelon Woman,1996,https://boxd.it/RRc
2024-03-22,I Dream in Another Language,2017,https://boxd.it/bZ5M
2024-03-26,Real Women Have Curves,2002,https://boxd.it/1lBI
2024-04-01,The Gospel According to St. Matthew,1964,https://boxd.it/1y7c
2024-04-26,Under the Bridge,2024,https://boxd.it/MEpA
2024-05-12,Lovesong,2016,https://boxd.it/cSSY
2024-05-19,The Quiet Girl,2022,https://boxd.it/yvgm
2024-05-20,Aimée & Jaguar,1999,https://boxd.it/27by
2024-06-03,Blue Jean,2022,https://boxd.it/AHhg
2024-06-13,But I'm a Cheerleader,1999,https://boxd.it/1CW4
2024-06-14,Light Light Light,2023,https://boxd.it/rh9i
2024-06-16,I Saw the TV Glow,2024,https://boxd.it/woVe
2024-06-19,Inside Out 2,2024,https://boxd.it/CFrC
2024-07-03,Fancy Dance,2023,https://boxd.it/E30s
2024-07-17,Daughters,2024,https://boxd.it/K5f2
2024-07-27,The Iron Claw,2023,https://boxd.it/w5Pm
2024-07-29,Wizards of Waverly Place: The Movie,2009,https://boxd.it/1thQ
2024-08-03,Falling in Love Like in Movies,2023,https://boxd.it/EDQY
2024-08-11,Mysterious Skin,2004,https://boxd.it/1UsG
2024-09-16,Stepmom,1998,https://boxd.it/1YFO
2024-10-09,Portrait of a Lady on Fire,2019,https://boxd.it/jkPq
2024-10-16,Little Women,2019,https://boxd.it/aSVk
2024-10-23,The Haunting of Hill House,2018,https://boxd.it/kfJ0
2024-11-20,Wicked,2024,https://boxd.it/e8ME
2024-12-05,Moana 2,2024,https://boxd.it/LcjW
2024-12-13,Heretic,2024,https://boxd.it/H1lY
2024-12-14,Inside Out,2015,https://boxd.it/4KHC
2025-01-05,Sing Sing,2023,https://boxd.it/HIBA
2025-01-07,Conclave,2024,https://boxd.it/AO8q
2025-01-15,A Real Pain,2024,https://boxd.it/CjNG
2025-01-17,Arrival,2016,https://boxd.it/aNGk
2025-03-09,Brokeback Mountain,2005,https://boxd.it/2b2q
2025-04-07,The Encampments,2025,https://boxd.it/SuEC
2025-04-10,I'm Still Here,2024,https://boxd.it/BPEO
2025-04-21,The Sound of Music,1965,https://boxd.it/1MLK
2025-05-09,From Ground Zero,2024,https://boxd.it/OBP0
2025-05-28,Andor: A Disney+ Day Special Look,2022,https://boxd.it/CDne
2025-06-28,Mickey 17,2025,https://boxd.it/q1Dk
2025-07-08,Okja,2017,https://boxd.it/dvXe
2025-07-19,Superman,2025,https://boxd.it/E9IU
2025-07-26,La La Land,2016,https://boxd.it/a5fa
2025-08-12,Little Miss Sunshine,2006,https://boxd.it/29EW
2025-09-15,Enchanted,2007,https://boxd.it/24co
2025-10-12,Sound of Falling,2025,https://boxd.it/Km9K
2025-10-14,The Chronology of Water,2025,https://boxd.it/j3pq
2025-11-08,Sentimental Value,2025,https://boxd.it/GwcG
2025-11-18,Brave,2012,https://boxd.it/bVG
2025-11-29,Frozen,2013,https://boxd.it/3GNa
2025-12-06,Hal & Harper,2025,https://boxd.it/SQRe
